From Timestamp,Total heat generated [MWh],Total electricity generated [MWh],Total input fuel [Sm3]
01/11/2023 00:00:00,1.3,0.51,209
01/11/2023 00:30:00,0.5,0.49,144
01/11/2023 01:00:00,1.3010000000000000,0.5,206
01/11/2023 01:30:00,0.599,0.49,138
01/11/2023 02:00:00,1.2000000000000000,0.5,207
01/11/2023 02:30:00,0.601,0.48,137
01/11/2023 03:00:00,1.199,0.48,201
01/11/2023 03:30:00,0.601,0.48,138
01/11/2023 04:00:00,1.099,0.48,191
01/11/2023 04:30:00,0.901,0.49,162
01/11/2023 05:00:00,0.9,0.48,179
01/11/2023 05:30:00,0.899,0.5,162
01/11/2023 06:00:00,0.7,0.5,170
01/11/2023 06:30:00,0.9,0.52,162
01/11/2023 07:00:00,1.1,0.55,203
01/11/2023 07:30:00,0.7,0.57,153
01/11/2023 08:00:00,1.0,0.59,203
01/11/2023 08:30:00,0.7,0.58,153
01/11/2023 09:00:00,1.0,0.59,202
01/11/2023 09:30:00,0.9000000000000000,0.58,172
01/11/2023 10:00:00,0.8010000000000000,0.58,182
01/11/2023 10:30:00,1.1,0.59,201
01/11/2023 11:00:00,0.6990000000000000,0.58,155
01/11/2023 11:30:00,0.901,0.59,182
01/11/2023 12:00:00,0.6990000000000000,0.58,158
01/11/2023 12:30:00,1.1,0.59,203
01/11/2023 13:00:00,0.5,0.58,143
01/11/2023 13:30:00,1.1,0.59,208
01/11/2023 14:00:00,0.6,0.58,143
01/11/2023 14:30:00,1.0,0.58,198
01/11/2023 15:00:00,0.6,0.59,143
01/11/2023 15:30:00,1.2,0.58,211
01/11/2023 16:00:00,0.5,0.59,144
01/11/2023 16:30:00,1.201,0.58,211
01/11/2023 17:00:00,0.599,0.59,158
01/11/2023 17:30:00,1.3000000000000000,0.58,219
01/11/2023 18:00:00,0.6,0.59,152
01/11/2023 18:30:00,1.3000000000000000,0.58,226
01/11/2023 19:00:00,0.8,0.57,173
01/11/2023 19:30:00,1.0,0.57,193
01/11/2023 20:00:00,1.201,0.58,202
01/11/2023 20:30:00,0.6990000000000000,0.55,169
01/11/2023 21:00:00,1.3010000000000000,0.54,214
01/11/2023 21:30:00,0.7990000000000000,0.53,169
01/11/2023 22:00:00,1.1,0.51,187
01/11/2023 22:30:00,1.1,0.51,208
01/11/2023 23:00:00,0.7,0.5,139
01/11/2023 23:30:00,1.201,0.51,207
02/11/2023 00:00:00,1.099,0.49,200
02/11/2023 00:30:00,0.7,0.5,150
02/11/2023 01:00:00,1.2000000000000000,0.49,205
02/11/2023 01:30:00,1.2,0.48,204
02/11/2023 02:00:00,0.6000000000000000,0.49,142
02/11/2023 02:30:00,1.3,0.49,204
02/11/2023 03:00:00,1.1,0.48,207
02/11/2023 03:30:00,0.8,0.48,144
02/11/2023 04:00:00,1.2,0.49,204
02/11/2023 04:30:00,1.0,0.48,176
02/11/2023 05:00:00,0.7010000000000000,0.49,166
02/11/2023 05:30:00,1.1990000000000000,0.49,194
02/11/2023 06:00:00,0.7,0.51,154
02/11/2023 06:30:00,1.3,0.54,215
02/11/2023 07:00:00,0.6,0.55,142
02/11/2023 07:30:00,1.1,0.57,218
02/11/2023 08:00:00,1.0,0.58,182
02/11/2023 08:30:00,0.9,0.58,198
02/11/2023 09:00:00,1.1,0.59,191
02/11/2023 09:30:00,0.9,0.58,196
02/11/2023 10:00:00,0.9000000000000000,0.59,174
02/11/2023 10:30:00,0.9,0.58,195
02/11/2023 11:00:00,0.8010000000000000,0.59,165
02/11/2023 11:30:00,1.1990000000000000,0.58,211
02/11/2023 12:00:00,0.7,0.59,159
02/11/2023 12:30:00,1.1,0.58,215
02/11/2023 13:00:00,0.701,0.59,159
02/11/2023 13:30:00,1.099,0.58,207
02/11/2023 14:00:00,0.7,0.58,159
02/11/2023 14:30:00,1.2,0.59,221
02/11/2023 15:00:00,0.701,0.58,153
02/11/2023 15:30:00,1.099,0.59,212
02/11/2023 16:00:00,0.7,0.58,156
02/11/2023 16:30:00,1.1,0.59,203
02/11/2023 17:00:00,0.9000000000000000,0.58,186
02/11/2023 17:30:00,0.7,0.59,160
02/11/2023 18:00:00,1.2,0.58,221
02/11/2023 18:30:00,0.8,0.58,166
02/11/2023 19:00:00,1.1,0.58,198
02/11/2023 19:30:00,0.9,0.58,192
02/11/2023 20:00:00,0.8,0.56,168
02/11/2023 20:30:00,1.3000000000000000,0.55,215
02/11/2023 21:00:00,0.5,0.55,138
02/11/2023 21:30:00,1.3,0.54,213
02/11/2023 22:00:00,0.8,0.53,174
02/11/2023 22:30:00,0.9,0.5,169
02/11/2023 23:00:00,1.2,0.51,207
02/11/2023 23:30:00,0.4,0.5,126
03/11/2023 00:00:00,1.2,0.48,195
03/11/2023 00:30:00,1.0,0.5,188
03/11/2023 01:00:00,0.6,0.48,139
03/11/2023 01:30:00,1.2000000000000000,0.49,201
03/11/2023 02:00:00,0.8,0.48,150
03/11/2023 02:30:00,0.9,0.48,182
03/11/2023 03:00:00,1.101,0.48,187
03/11/2023 03:30:00,0.599,0.48,136
03/11/2023 04:00:00,1.2,0.48,204
03/11/2023 04:30:00,1.001,0.48,176
03/11/2023 05:00:00,0.6990000000000000,0.49,163
03/11/2023 05:30:00,1.3,0.49,202
03/11/2023 06:00:00,0.7,0.49,148
03/11/2023 06:30:00,1.101,0.51,208
03/11/2023 07:00:00,0.7990000000000000,0.55,160
03/11/2023 07:30:00,1.2,0.57,213
03/11/2023 08:00:00,1.2,0.58,216
03/11/2023 08:30:00,0.7,0.59,159
03/11/2023 09:00:00,1.2,0.58,226
03/11/2023 09:30:00,0.9000000000000000,0.59,172
03/11/2023 10:00:00,1.0,0.58,198
03/11/2023 10:30:00,1.0,0.59,189
03/11/2023 11:00:00,0.901,0.58,184
03/11/2023 11:30:00,1.1,0.59,195
03/11/2023 12:00:00,0.5,0.58,155
03/11/2023 12:30:00,1.1,0.59,190
03/11/2023 13:00:00,0.6990000000000000,0.58,173
03/11/2023 13:30:00,1.1,0.58,188
03/11/2023 14:00:00,0.6,0.59,164
03/11/2023 14:30:00,1.1,0.58,192
03/11/2023 15:00:00,0.7010000000000000,0.59,169
03/11/2023 15:30:00,0.999,0.58,186
03/11/2023 16:00:00,0.8,0.59,173
03/11/2023 16:30:00,1.0,0.58,186
03/11/2023 17:00:00,0.8,0.59,188
03/11/2023 17:30:00,1.0,0.58,191
03/11/2023 18:00:00,0.8,0.58,163
03/11/2023 18:30:00,1.3000000000000000,0.59,218
03/11/2023 19:00:00,0.5,0.58,140
03/11/2023 19:30:00,1.201,0.57,221
03/11/2023 20:00:00,0.7990000000000000,0.56,159
03/11/2023 20:30:00,1.0,0.56,202
03/11/2023 21:00:00,0.6000000000000000,0.52,146
03/11/2023 21:30:00,1.2,0.54,213
03/11/2023 22:00:00,0.7,0.5,143
03/11/2023 22:30:00,1.201,0.52,211
03/11/2023 23:00:00,0.7990000000000000,0.5,150
03/11/2023 23:30:00,1.0,0.51,193
04/11/2023 00:00:00,0.9,0.5,172
04/11/2023 00:30:00,0.9,0.5,164
04/11/2023 01:00:00,1.1,0.49,205
04/11/2023 01:30:00,0.7,0.49,138
04/11/2023 02:00:00,1.1,0.49,206
04/11/2023 02:30:00,0.9,0.48,157
04/11/2023 03:00:00,1.1,0.49,202
04/11/2023 03:30:00,1.2,0.48,192
04/11/2023 04:00:00,0.6000000000000000,0.49,152
04/11/2023 04:30:00,1.3,0.48,206
04/11/2023 05:00:00,1.1,0.5,206
04/11/2023 05:30:00,0.7010000000000000,0.48,137
04/11/2023 06:00:00,1.099,0.5,205
04/11/2023 06:30:00,1.3010000000000000,0.5,209
04/11/2023 07:00:00,0.6990000000000000,0.51,151
04/11/2023 07:30:00,1.3010000000000000,0.54,217
04/11/2023 08:00:00,1.1990000000000000,0.53,214
04/11/2023 08:30:00,1.1,0.56,200
04/11/2023 09:00:00,0.9,0.57,190
04/11/2023 09:30:00,1.401,0.57,223
04/11/2023 10:00:00,1.1990000000000000,0.57,215
04/11/2023 10:30:00,0.901,0.58,175
04/11/2023 11:00:00,1.1990000000000000,0.57,226
04/11/2023 11:30:00,1.1,0.58,204
04/11/2023 12:00:00,0.9000000000000000,0.58,180
04/11/2023 12:30:00,1.3,0.58,225
04/11/2023 13:00:00,0.701,0.57,155
04/11/2023 13:30:00,1.299,0.57,225
04/11/2023 14:00:00,1.1,0.57,202
04/11/2023 14:30:00,0.8,0.56,167
04/11/2023 15:00:00,1.2,0.58,224
04/11/2023 15:30:00,1.0,0.58,182
04/11/2023 16:00:00,1.0,0.57,203
04/11/2023 16:30:00,1.2,0.57,213
04/11/2023 17:00:00,0.8,0.58,172
04/11/2023 17:30:00,1.3,0.56,221
04/11/2023 18:00:00,0.8,0.55,172
04/11/2023 18:30:00,1.2,0.57,203
04/11/2023 19:00:00,1.201,0.54,216
04/11/2023 19:30:00,0.6990000000000000,0.54,151
04/11/2023 20:00:00,1.2,0.53,213
04/11/2023 20:30:00,0.8,0.53,165
04/11/2023 21:00:00,0.9,0.53,190
04/11/2023 21:30:00,1.3010000000000000,0.51,206
04/11/2023 22:00:00,0.6990000000000000,0.51,145
04/11/2023 22:30:00,1.1,0.49,204
04/11/2023 23:00:00,1.0,0.51,183
04/11/2023 23:30:00,0.9,0.5,168
05/11/2023 00:00:00,1.101,0.5,207
05/11/2023 00:30:00,0.899,0.49,154
05/11/2023 01:00:00,1.101,0.49,192
05/11/2023 01:30:00,1.099,0.49,203
05/11/2023 02:00:00,0.9,0.48,160
05/11/2023 02:30:00,1.0,0.49,189
05/11/2023 03:00:00,1.2,0.49,205
05/11/2023 03:30:00,0.8,0.47,152
05/11/2023 04:00:00,1.1,0.48,189
05/11/2023 04:30:00,1.1,0.47,201
05/11/2023 05:00:00,1.1,0.49,181
05/11/2023 05:30:00,0.8,0.48,166
05/11/2023 06:00:00,1.3,0.49,206
05/11/2023 06:30:00,1.1,0.49,205
05/11/2023 07:00:00,0.7,0.51,147
05/11/2023 07:30:00,1.3,0.54,217
05/11/2023 08:00:00,1.2,0.53,215
05/11/2023 08:30:00,1.0,0.57,190
05/11/2023 09:00:00,1.1,0.57,194
05/11/2023 09:30:00,1.1,0.56,206
05/11/2023 10:00:00,0.7,0.58,165
05/11/2023 10:30:00,1.3000000000000000,0.58,224
05/11/2023 11:00:00,0.7010000000000000,0.58,157
05/11/2023 11:30:00,1.299,0.58,223
05/11/2023 12:00:00,0.6,0.57,148
05/11/2023 12:30:00,1.201,0.57,221
05/11/2023 13:00:00,0.599,0.56,138
05/11/2023 13:30:00,1.2,0.58,214
05/11/2023 14:00:00,0.7,0.56,159
05/11/2023 14:30:00,0.9,0.56,183
05/11/2023 15:00:00,0.9000000000000000,0.56,175
05/11/2023 15:30:00,1.0,0.58,196
05/11/2023 16:00:00,0.901,0.58,181
05/11/2023 16:30:00,1.1,0.57,197
05/11/2023 17:00:00,0.7990000000000000,0.58,182
05/11/2023 17:30:00,1.1,0.58,193
05/11/2023 18:00:00,0.9,0.57,184
05/11/2023 18:30:00,1.1,0.58,202
05/11/2023 19:00:00,0.8,0.55,182
05/11/2023 19:30:00,1.3,0.55,216
05/11/2023 20:00:00,0.7,0.52,145
05/11/2023 20:30:00,1.1,0.54,212
05/11/2023 21:00:00,1.1,0.52,182
05/11/2023 21:30:00,0.9,0.51,176
05/11/2023 22:00:00,1.3010000000000000,0.5,206
05/11/2023 22:30:00,0.599,0.51,152
05/11/2023 23:00:00,1.1,0.49,193
05/11/2023 23:30:00,1.2000000000000000,0.49,206
06/11/2023 00:00:00,0.8,0.48,151
06/11/2023 00:30:00,0.9,0.48,177
06/11/2023 01:00:00,1.3,0.48,203
06/11/2023 01:30:00,1.0,0.47,186
06/11/2023 02:00:00,0.9,0.48,164
06/11/2023 02:30:00,1.1,0.49,202
06/11/2023 03:00:00,1.3,0.48,203
06/11/2023 03:30:00,0.9,0.48,172
06/11/2023 04:00:00,1.0,0.47,173
06/11/2023 04:30:00,1.1,0.48,204
06/11/2023 05:00:00,1.3,0.49,202
06/11/2023 05:30:00,0.6000000000000000,0.5,148
06/11/2023 06:00:00,1.3,0.51,208
06/11/2023 06:30:00,1.2,0.53,210
06/11/2023 07:00:00,1.2,0.56,217
06/11/2023 07:30:00,0.8,0.58,167
06/11/2023 08:00:00,1.3000000000000000,0.58,226
06/11/2023 08:30:00,1.4,0.59,226
06/11/2023 09:00:00,0.9,0.58,178
06/11/2023 09:30:00,1.1,0.59,203
06/11/2023 10:00:00,1.302,0.58,242
06/11/2023 10:30:00,1.2000000000000000,0.58,209
06/11/2023 11:00:00,0.899,0.59,186
06/11/2023 11:30:00,1.1,0.58,196
06/11/2023 12:00:00,0.7,0.59,164
06/11/2023 12:30:00,1.3000000000000000,0.58,220
06/11/2023 13:00:00,0.6,0.59,156
06/11/2023 13:30:00,1.201,0.58,205
06/11/2023 14:00:00,0.7990000000000000,0.59,177
06/11/2023 14:30:00,1.1,0.58,198
06/11/2023 15:00:00,0.9,0.58,190
06/11/2023 15:30:00,1.0,0.59,183
06/11/2023 16:00:00,1.0,0.58,198
06/11/2023 16:30:00,1.2,0.59,200
06/11/2023 17:00:00,0.7,0.58,175
06/11/2023 17:30:00,1.4,0.59,226
06/11/2023 18:00:00,0.7,0.58,162
06/11/2023 18:30:00,1.3000000000000000,0.59,227
06/11/2023 19:00:00,1.0,0.58,188
06/11/2023 19:30:00,0.901,0.57,190
06/11/2023 20:00:00,1.399,0.57,216
06/11/2023 20:30:00,0.7010000000000000,0.56,164
06/11/2023 21:00:00,1.1990000000000000,0.54,213
06/11/2023 21:30:00,0.8010000000000000,0.53,158
06/11/2023 22:00:00,1.1990000000000000,0.52,204
06/11/2023 22:30:00,1.1,0.52,201
06/11/2023 23:00:00,0.8,0.51,159
06/11/2023 23:30:00,1.2,0.51,211
07/11/2023 00:00:00,1.0,0.52,179
07/11/2023 00:30:00,0.9,0.49,180
07/11/2023 01:00:00,1.3,0.52,210
07/11/2023 01:30:00,1.0,0.49,171
07/11/2023 02:00:00,1.0,0.5,182
07/11/2023 02:30:00,1.1,0.5,204
07/11/2023 03:00:00,0.9,0.49,164
07/11/2023 03:30:00,1.2000000000000000,0.48,202
07/11/2023 04:00:00,1.2,0.51,205
07/11/2023 04:30:00,0.8,0.49,160
07/11/2023 05:00:00,1.2,0.52,204
07/11/2023 05:30:00,1.2,0.53,214
07/11/2023 06:00:00,0.901,0.51,156
07/11/2023 06:30:00,1.099,0.54,206
07/11/2023 07:00:00,1.2,0.56,219
07/11/2023 07:30:00,0.9000000000000000,0.58,169
07/11/2023 08:00:00,1.3,0.58,225
07/11/2023 08:30:00,1.3000000000000000,0.59,227
07/11/2023 09:00:00,0.8,0.58,166
07/11/2023 09:30:00,1.3000000000000000,0.59,226
07/11/2023 10:00:00,0.901,0.58,175
07/11/2023 10:30:00,1.1,0.59,205
07/11/2023 11:00:00,0.899,0.58,178
07/11/2023 11:30:00,0.9000000000000000,0.59,183
07/11/2023 12:00:00,1.1,0.58,201
07/11/2023 12:30:00,0.6,0.58,157
07/11/2023 13:00:00,1.1,0.59,197
07/11/2023 13:30:00,0.8,0.58,173
07/11/2023 14:00:00,1.0,0.59,186
07/11/2023 14:30:00,1.2,0.58,206
07/11/2023 15:00:00,0.7,0.59,160
07/11/2023 15:30:00,1.2,0.58,220
07/11/2023 16:00:00,0.7,0.58,153
07/11/2023 16:30:00,1.3010000000000000,0.59,225
07/11/2023 17:00:00,0.699,0.58,162
07/11/2023 17:30:00,1.3,0.59,225
07/11/2023 18:00:00,0.8,0.58,157
07/11/2023 18:30:00,1.2,0.59,225
07/11/2023 19:00:00,1.301,0.58,208
07/11/2023 19:30:00,0.6990000000000000,0.58,172
07/11/2023 20:00:00,1.3010000000000000,0.56,221
07/11/2023 20:30:00,0.7990000000000000,0.56,154
07/11/2023 21:00:00,1.2,0.54,214
07/11/2023 21:30:00,1.3,0.53,215
07/11/2023 22:00:00,0.5,0.52,145
07/11/2023 22:30:00,1.3,0.52,212
07/11/2023 23:00:00,1.3,0.52,210
07/11/2023 23:30:00,0.7,0.51,151
08/11/2023 00:00:00,1.3,0.51,209
08/11/2023 00:30:00,1.1,0.5,207
08/11/2023 01:00:00,1.0,0.49,171
08/11/2023 01:30:00,1.1,0.49,206
08/11/2023 02:00:00,1.3,0.5,202
08/11/2023 02:30:00,0.6000000000000000,0.48,150
08/11/2023 03:00:00,1.3,0.49,205
08/11/2023 03:30:00,1.3,0.5,207
08/11/2023 04:00:00,0.9,0.49,175
08/11/2023 04:30:00,1.0,0.49,178
08/11/2023 05:00:00,1.3,0.5,207
08/11/2023 05:30:00,1.1,0.52,202
08/11/2023 06:00:00,0.8,0.52,165
08/11/2023 06:30:00,1.3010000000000000,0.53,214
08/11/2023 07:00:00,1.1990000000000000,0.56,220
08/11/2023 07:30:00,1.0,0.58,177
08/11/2023 08:00:00,1.2,0.58,224
08/11/2023 08:30:00,1.4,0.59,226
08/11/2023 09:00:00,1.2,0.58,224
08/11/2023 09:30:00,0.8010000000000000,0.59,158
08/11/2023 10:00:00,1.1990000000000000,0.58,226
08/11/2023 10:30:00,1.1,0.59,193
08/11/2023 11:00:00,1.0,0.58,200
08/11/2023 11:30:00,1.0,0.58,190
08/11/2023 12:00:00,1.0,0.59,198
08/11/2023 12:30:00,1.1,0.58,187
08/11/2023 13:00:00,1.0,0.59,205
08/11/2023 13:30:00,1.3000000000000000,0.58,232
08/11/2023 14:00:00,1.1,0.59,199
08/11/2023 14:30:00,0.8,0.58,167
08/11/2023 15:00:00,1.1,0.59,210
08/11/2023 15:30:00,1.0,0.58,183
08/11/2023 16:00:00,1.0,0.58,203
08/11/2023 16:30:00,1.001,0.59,187
08/11/2023 17:00:00,1.1990000000000000,0.58,219
08/11/2023 17:30:00,0.7,0.59,166
08/11/2023 18:00:00,1.4,0.58,227
08/11/2023 18:30:00,1.0,0.59,199
08/11/2023 19:00:00,1.0,0.58,188
08/11/2023 19:30:00,1.3,0.57,223
08/11/2023 20:00:00,1.0,0.57,188
08/11/2023 20:30:00,1.1,0.57,197
08/11/2023 21:00:00,1.2,0.55,218
08/11/2023 21:30:00,0.901,0.53,172
08/11/2023 22:00:00,1.299,0.52,208
08/11/2023 22:30:00,1.101,0.52,211
08/11/2023 23:00:00,0.899,0.52,170
08/11/2023 23:30:00,1.101,0.52,198
09/11/2023 00:00:00,1.299,0.5,206
09/11/2023 00:30:00,1.0,0.51,187
09/11/2023 01:00:00,1.0,0.51,184
09/11/2023 01:30:00,1.3,0.49,206
09/11/2023 02:00:00,1.1,0.49,203
09/11/2023 02:30:00,0.9,0.49,169
09/11/2023 03:00:00,1.2000000000000000,0.5,204
09/11/2023 03:30:00,1.2,0.48,200
09/11/2023 04:00:00,1.0,0.5,184
09/11/2023 04:30:00,1.101,0.48,189
09/11/2023 05:00:00,1.199,0.5,206
09/11/2023 05:30:00,1.201,0.52,207
09/11/2023 06:00:00,1.1990000000000000,0.51,206
09/11/2023 06:30:00,1.0,0.56,188
09/11/2023 07:00:00,1.2,0.56,221
09/11/2023 07:30:00,1.3,0.58,221
09/11/2023 08:00:00,1.3000000000000000,0.59,226
09/11/2023 08:30:00,1.3,0.58,223
09/11/2023 09:00:00,1.2,0.58,202
09/11/2023 09:30:00,1.0,0.59,205
09/11/2023 10:00:00,1.301,0.58,227
09/11/2023 10:30:00,1.099,0.59,202
09/11/2023 11:00:00,1.1,0.58,197
09/11/2023 11:30:00,1.1,0.59,204
09/11/2023 12:00:00,0.8010000000000000,0.58,177
09/11/2023 12:30:00,1.299,0.59,225
09/11/2023 13:00:00,0.7,0.58,160
09/11/2023 13:30:00,1.3000000000000000,0.59,225
09/11/2023 14:00:00,0.901,0.58,181
09/11/2023 14:30:00,1.299,0.58,227
09/11/2023 15:00:00,0.7,0.59,155
09/11/2023 15:30:00,1.3000000000000000,0.58,225
09/11/2023 16:00:00,1.0,0.59,195
09/11/2023 16:30:00,1.001,0.58,191
09/11/2023 17:00:00,1.299,0.59,227
09/11/2023 17:30:00,0.8,0.58,174
09/11/2023 18:00:00,1.3000000000000000,0.59,215
09/11/2023 18:30:00,1.301,0.58,225
09/11/2023 19:00:00,1.299,0.58,226
09/11/2023 19:30:00,0.9,0.58,184
09/11/2023 20:00:00,1.3000000000000000,0.57,213
09/11/2023 20:30:00,1.2,0.56,220
09/11/2023 21:00:00,1.0,0.55,185
09/11/2023 21:30:00,1.2,0.53,213
09/11/2023 22:00:00,1.0,0.51,178
09/11/2023 22:30:00,1.2000000000000000,0.52,206
09/11/2023 23:00:00,1.2,0.51,200
09/11/2023 23:30:00,1.0,0.51,184
10/11/2023 00:00:00,1.201,0.51,208
10/11/2023 00:30:00,1.199,0.5,197
10/11/2023 01:00:00,1.0,0.49,184
10/11/2023 01:30:00,1.101,0.51,207
10/11/2023 02:00:00,1.1990000000000000,0.49,186
10/11/2023 02:30:00,0.9,0.49,186
10/11/2023 03:00:00,1.3010000000000000,0.49,205
10/11/2023 03:30:00,1.099,0.5,202
10/11/2023 04:00:00,1.3010000000000000,0.49,202
10/11/2023 04:30:00,0.799,0.5,170
10/11/2023 05:00:00,1.2,0.51,207
10/11/2023 05:30:00,1.3,0.51,209
10/11/2023 06:00:00,1.2,0.52,209
10/11/2023 06:30:00,1.2000000000000000,0.53,215
10/11/2023 07:00:00,1.4,0.56,218
10/11/2023 07:30:00,1.2,0.59,226
10/11/2023 08:00:00,1.3,0.58,226
10/11/2023 08:30:00,1.3000000000000000,0.58,224
10/11/2023 09:00:00,1.3,0.59,226
10/11/2023 09:30:00,1.401,0.58,225
10/11/2023 10:00:00,1.0,0.59,201
10/11/2023 10:30:00,1.299,0.58,217
10/11/2023 11:00:00,1.2,0.59,224
10/11/2023 11:30:00,1.0,0.58,189
10/11/2023 12:00:00,1.3,0.58,226
10/11/2023 12:30:00,1.2,0.59,206
10/11/2023 13:00:00,0.9,0.58,197
10/11/2023 13:30:00,1.4,0.59,225
10/11/2023 14:00:00,0.8,0.58,173
10/11/2023 14:30:00,1.3000000000000000,0.59,225
10/11/2023 15:00:00,1.2,0.58,220
10/11/2023 15:30:00,0.901,0.59,181
10/11/2023 16:00:00,1.299,0.58,224
10/11/2023 16:30:00,0.9,0.58,181
10/11/2023 17:00:00,1.3000000000000000,0.59,224
10/11/2023 17:30:00,1.201,0.58,223
10/11/2023 18:00:00,1.1990000000000000,0.59,198
10/11/2023 18:30:00,1.0,0.58,202
10/11/2023 19:00:00,1.3000000000000000,0.58,225
10/11/2023 19:30:00,1.3,0.57,225
10/11/2023 20:00:00,0.7,0.57,157
10/11/2023 20:30:00,1.201,0.56,220
10/11/2023 21:00:00,1.299,0.54,218
10/11/2023 21:30:00,1.0,0.52,176
10/11/2023 22:00:00,1.1,0.53,204
10/11/2023 22:30:00,1.3,0.52,211
10/11/2023 23:00:00,1.3010000000000000,0.5,208
10/11/2023 23:30:00,0.799,0.5,166
11/11/2023 00:00:00,1.2,0.49,194
11/11/2023 00:30:00,1.1,0.5,203
11/11/2023 01:00:00,1.3,0.49,204
11/11/2023 01:30:00,1.1,0.49,192
11/11/2023 02:00:00,0.9,0.49,175
11/11/2023 02:30:00,1.3010000000000000,0.49,203
11/11/2023 03:00:00,1.099,0.49,202
11/11/2023 03:30:00,1.201,0.48,200
11/11/2023 04:00:00,1.1990000000000000,0.49,202
11/11/2023 04:30:00,1.201,0.5,205
11/11/2023 05:00:00,1.1990000000000000,0.48,203
11/11/2023 05:30:00,1.201,0.5,201
11/11/2023 06:00:00,1.099,0.49,205
11/11/2023 06:30:00,1.2,0.5,204
11/11/2023 07:00:00,1.3,0.52,209
11/11/2023 07:30:00,1.1,0.54,213
11/11/2023 08:00:00,1.3,0.55,217
11/11/2023 08:30:00,1.3000000000000000,0.56,217
11/11/2023 09:00:00,1.3,0.58,225
11/11/2023 09:30:00,0.9,0.58,179
11/11/2023 10:00:00,1.2,0.57,222
11/11/2023 10:30:00,1.0,0.58,176
11/11/2023 11:00:00,1.0,0.57,199
11/11/2023 11:30:00,1.2,0.58,218
11/11/2023 12:00:00,0.8,0.58,162
11/11/2023 12:30:00,1.2,0.57,224
11/11/2023 13:00:00,0.7010000000000000,0.56,151
11/11/2023 13:30:00,1.299,0.58,221
11/11/2023 14:00:00,1.0,0.56,186
11/11/2023 14:30:00,0.8010000000000000,0.57,175
11/11/2023 15:00:00,1.1990000000000000,0.56,213
11/11/2023 15:30:00,0.6,0.57,157
11/11/2023 16:00:00,1.4,0.58,225
11/11/2023 16:30:00,1.1,0.57,200
11/11/2023 17:00:00,0.9,0.58,186
11/11/2023 17:30:00,1.3000000000000000,0.57,222
11/11/2023 18:00:00,0.7010000000000000,0.57,154
11/11/2023 18:30:00,1.1990000000000000,0.56,222
11/11/2023 19:00:00,1.3010000000000000,0.56,220
11/11/2023 19:30:00,0.7990000000000000,0.53,158
11/11/2023 20:00:00,1.201,0.53,212
11/11/2023 20:30:00,1.1990000000000000,0.52,203
11/11/2023 21:00:00,0.8010000000000000,0.52,161
11/11/2023 21:30:00,1.299,0.5,208
11/11/2023 22:00:00,1.0,0.51,186
11/11/2023 22:30:00,1.0,0.5,180
11/11/2023 23:00:00,1.2,0.5,204
11/11/2023 23:30:00,1.2000000000000000,0.5,208
12/11/2023 00:00:00,1.2,0.5,200
12/11/2023 00:30:00,0.9,0.48,170
12/11/2023 01:00:00,1.1,0.49,202
12/11/2023 01:30:00,1.201,0.48,200
12/11/2023 02:00:00,1.199,0.48,201
12/11/2023 02:30:00,1.201,0.48,200
12/11/2023 03:00:00,1.199,0.49,201
12/11/2023 03:30:00,1.2000000000000000,0.47,199
12/11/2023 04:00:00,1.2,0.48,201
12/11/2023 04:30:00,1.101,0.5,204
12/11/2023 05:00:00,1.299,0.5,206
12/11/2023 05:30:00,1.101,0.5,205
12/11/2023 06:00:00,1.299,0.5,204
12/11/2023 06:30:00,1.201,0.5,205
12/11/2023 07:00:00,1.199,0.52,211
12/11/2023 07:30:00,1.301,0.54,213
12/11/2023 08:00:00,1.299,0.56,220
12/11/2023 08:30:00,1.201,0.57,220
12/11/2023 09:00:00,1.399,0.58,224
12/11/2023 09:30:00,1.301,0.57,221
12/11/2023 10:00:00,1.299,0.58,222
12/11/2023 10:30:00,1.301,0.58,223
12/11/2023 11:00:00,1.299,0.58,222
12/11/2023 11:30:00,1.301,0.57,224
12/11/2023 12:00:00,1.299,0.58,222
12/11/2023 12:30:00,1.201,0.58,223
12/11/2023 13:00:00,0.999,0.58,186
12/11/2023 13:30:00,1.3,0.57,220
12/11/2023 14:00:00,1.3010000000000000,0.56,222
12/11/2023 14:30:00,1.299,0.57,220
12/11/2023 15:00:00,1.2,0.56,219
12/11/2023 15:30:00,0.8,0.57,169
12/11/2023 16:00:00,1.3010000000000000,0.58,225
12/11/2023 16:30:00,1.399,0.57,224
12/11/2023 17:00:00,0.9,0.58,188
12/11/2023 17:30:00,1.1,0.56,205
12/11/2023 18:00:00,1.4,0.58,226
12/11/2023 18:30:00,1.3,0.57,223
12/11/2023 19:00:00,0.8,0.56,176
12/11/2023 19:30:00,1.401,0.55,216
12/11/2023 20:00:00,1.099,0.54,212
12/11/2023 20:30:00,0.7,0.54,152
12/11/2023 21:00:00,1.3000000000000000,0.54,213
12/11/2023 21:30:00,1.2000000000000000,0.53,215
12/11/2023 22:00:00,0.7,0.51,147
12/11/2023 22:30:00,1.3,0.52,211
12/11/2023 23:00:00,1.101,0.5,192
12/11/2023 23:30:00,0.799,0.51,160
13/11/2023 00:00:00,1.2,0.49,207
13/11/2023 00:30:00,0.9,0.5,174
13/11/2023 01:00:00,1.0,0.49,180
13/11/2023 01:30:00,1.3,0.49,205
13/11/2023 02:00:00,0.6000000000000000,0.48,136
13/11/2023 02:30:00,1.2,0.51,210
13/11/2023 03:00:00,1.101,0.5,195
13/11/2023 03:30:00,0.7990000000000000,0.49,154
13/11/2023 04:00:00,1.2000000000000000,0.48,204
13/11/2023 04:30:00,0.8,0.49,149
13/11/2023 05:00:00,1.001,0.49,187
13/11/2023 05:30:00,1.1990000000000000,0.5,207
13/11/2023 06:00:00,0.8010000000000000,0.52,156
13/11/2023 06:30:00,1.1990000000000000,0.54,210
13/11/2023 07:00:00,1.2,0.56,220
13/11/2023 07:30:00,1.0,0.58,182
13/11/2023 08:00:00,1.1,0.58,207
13/11/2023 08:30:00,1.4,0.59,226
13/11/2023 09:00:00,1.1,0.58,209
13/11/2023 09:30:00,1.0,0.58,189
13/11/2023 10:00:00,1.0,0.59,185
13/11/2023 10:30:00,1.0,0.58,189
13/11/2023 11:00:00,0.7,0.59,166
13/11/2023 11:30:00,1.1,0.58,214
13/11/2023 12:00:00,0.701,0.59,146
13/11/2023 12:30:00,1.1990000000000000,0.58,212
13/11/2023 13:00:00,0.7,0.59,164
13/11/2023 13:30:00,1.0,0.58,190
13/11/2023 14:00:00,0.9000000000000000,0.58,185
13/11/2023 14:30:00,0.8,0.59,167
13/11/2023 15:00:00,1.101,0.59,212
13/11/2023 15:30:00,0.699,0.58,147
13/11/2023 16:00:00,1.2,0.58,225
13/11/2023 16:30:00,0.7,0.59,154
13/11/2023 17:00:00,1.3,0.58,225
13/11/2023 17:30:00,0.7,0.59,150
13/11/2023 18:00:00,1.1,0.58,208
13/11/2023 18:30:00,0.7,0.58,162
13/11/2023 19:00:00,1.2,0.58,218
13/11/2023 19:30:00,0.7,0.58,156
13/11/2023 20:00:00,1.101,0.57,203
13/11/2023 20:30:00,0.7990000000000000,0.55,160
13/11/2023 21:00:00,1.1,0.55,200
13/11/2023 21:30:00,1.1,0.53,189
13/11/2023 22:00:00,0.7,0.53,157
13/11/2023 22:30:00,1.0,0.52,195
13/11/2023 23:00:00,0.7,0.51,142
13/11/2023 23:30:00,1.2,0.51,204
14/11/2023 00:00:00,0.801,0.51,165
14/11/2023 00:30:00,1.1990000000000000,0.5,198
14/11/2023 01:00:00,0.7,0.5,145
14/11/2023 01:30:00,1.1,0.5,202
14/11/2023 02:00:00,0.7,0.5,142
14/11/2023 02:30:00,1.101,0.51,206
14/11/2023 03:00:00,0.599,0.48,131
14/11/2023 03:30:00,1.3,0.5,206
14/11/2023 04:00:00,0.6000000000000000,0.49,142
14/11/2023 04:30:00,1.2,0.49,201
14/11/2023 05:00:00,0.8,0.51,159
14/11/2023 05:30:00,1.0,0.51,192
14/11/2023 06:00:00,1.1,0.51,187
14/11/2023 06:30:00,0.8,0.54,168
14/11/2023 07:00:00,1.3,0.56,220
14/11/2023 07:30:00,0.7,0.58,165
14/11/2023 08:00:00,1.4,0.59,226
14/11/2023 08:30:00,0.7,0.58,165
14/11/2023 09:00:00,1.2,0.59,220
14/11/2023 09:30:00,0.8010000000000000,0.58,164
14/11/2023 10:00:00,1.1990000000000000,0.58,223
14/11/2023 10:30:00,0.8,0.59,160
14/11/2023 11:00:00,1.101,0.58,209
14/11/2023 11:30:00,0.7990000000000000,0.59,163
14/11/2023 12:00:00,1.0,0.58,189
14/11/2023 12:30:00,0.8010000000000000,0.59,177
14/11/2023 13:00:00,0.899,0.58,173
14/11/2023 13:30:00,0.9,0.59,193
14/11/2023 14:00:00,0.8,0.58,158
14/11/2023 14:30:00,0.8,0.59,187
14/11/2023 15:00:00,1.2,0.58,205
14/11/2023 15:30:00,1.1,0.58,204
14/11/2023 16:00:00,1.0,0.59,191
14/11/2023 16:30:00,0.7,0.58,162
14/11/2023 17:00:00,0.9000000000000000,0.59,178
14/11/2023 17:30:00,0.9,0.58,190
14/11/2023 18:00:00,1.1,0.59,195
14/11/2023 18:30:00,0.9,0.58,187
14/11/2023 19:00:00,1.1,0.58,201
14/11/2023 19:30:00,0.9,0.58,175
14/11/2023 20:00:00,1.1,0.57,206
14/11/2023 20:30:00,0.9,0.56,176
14/11/2023 21:00:00,1.1,0.55,193
14/11/2023 21:30:00,0.801,0.53,174
14/11/2023 22:00:00,1.0,0.53,190
14/11/2023 22:30:00,0.999,0.58,177
14/11/2023 23:00:00,1.0,0.53,190
14/11/2023 23:30:00,1.001,0.51,191
15/11/2023 00:00:00,0.6990000000000000,0.52,149
15/11/2023 00:30:00,1.3010000000000000,0.5,206
15/11/2023 01:00:00,1.099,0.48,206
15/11/2023 01:30:00,0.8010000000000000,0.5,145
15/11/2023 02:00:00,1.1990000000000000,0.51,209
15/11/2023 02:30:00,0.9,0.53,174
15/11/2023 03:00:00,0.9,0.55,185
15/11/2023 03:30:00,1.3000000000000000,0.56,210
15/11/2023 04:00:00,0.601,0.53,151
15/11/2023 04:30:00,1.1990000000000000,0.52,209
15/11/2023 05:00:00,1.0,0.5,178
15/11/2023 05:30:00,0.9,0.48,165
15/11/2023 06:00:00,1.2,0.51,211
15/11/2023 06:30:00,0.9,0.54,171
15/11/2023 07:00:00,1.201,0.57,217
15/11/2023 07:30:00,1.399,0.57,223
15/11/2023 08:00:00,0.7010000000000000,0.59,167
15/11/2023 08:30:00,1.399,0.58,228
15/11/2023 09:00:00,1.201,0.59,225
15/11/2023 09:30:00,0.999,0.58,181
15/11/2023 10:00:00,1.101,0.59,205
15/11/2023 10:30:00,1.1,0.58,195
15/11/2023 11:00:00,0.899,0.58,189
15/11/2023 11:30:00,1.201,0.59,207
15/11/2023 12:00:00,0.899,0.58,185
15/11/2023 12:30:00,1.101,0.59,206
15/11/2023 13:00:00,0.999,0.58,187
15/11/2023 13:30:00,1.0,0.59,198
15/11/2023 14:00:00,1.1,0.58,198
15/11/2023 14:30:00,1.101,0.59,209
15/11/2023 15:00:00,0.899,0.58,176
15/11/2023 15:30:00,1.2000000000000000,0.58,228
15/11/2023 16:00:00,1.4,0.59,229
15/11/2023 16:30:00,0.8010000000000000,0.58,176
15/11/2023 17:00:00,1.299,0.59,226
15/11/2023 17:30:00,1.1,0.58,198
15/11/2023 18:00:00,0.9,0.58,191
15/11/2023 18:30:00,1.401,0.58,222
15/11/2023 19:00:00,0.599,0.59,154
15/11/2023 19:30:00,1.4,0.58,225
15/11/2023 20:00:00,1.0,0.57,199
15/11/2023 20:30:00,0.9,0.57,174
15/11/2023 21:00:00,1.201,0.54,215
15/11/2023 21:30:00,0.7990000000000000,0.52,148
15/11/2023 22:00:00,1.201,0.5,206
15/11/2023 22:30:00,1.1990000000000000,0.52,200
15/11/2023 23:00:00,0.6000000000000000,0.5,149
15/11/2023 23:30:00,1.3,0.51,210
16/11/2023 00:00:00,1.3010000000000000,0.5,206
16/11/2023 00:30:00,0.599,0.52,147
16/11/2023 01:00:00,1.2,0.49,203
16/11/2023 01:30:00,1.3,0.52,213
16/11/2023 02:00:00,0.7010000000000000,0.51,150
16/11/2023 02:30:00,1.1990000000000000,0.53,213
16/11/2023 03:00:00,1.0,0.51,181
16/11/2023 03:30:00,0.8,0.49,167
16/11/2023 04:00:00,1.3,0.49,207
16/11/2023 04:30:00,1.1,0.47,193
16/11/2023 05:00:00,0.8,0.5,158
16/11/2023 05:30:00,1.3,0.51,209
16/11/2023 06:00:00,1.2,0.53,203
16/11/2023 06:30:00,0.9,0.52,177
16/11/2023 07:00:00,1.3,0.56,220
16/11/2023 07:30:00,1.2,0.58,222
16/11/2023 08:00:00,1.4,0.58,225
16/11/2023 08:30:00,1.2,0.59,225
16/11/2023 09:00:00,0.9,0.58,182
16/11/2023 09:30:00,1.2,0.59,212
16/11/2023 10:00:00,1.3,0.58,228
16/11/2023 10:30:00,1.2,0.59,199
16/11/2023 11:00:00,1.1,0.58,216
16/11/2023 11:30:00,1.0,0.58,190
16/11/2023 12:00:00,1.1,0.59,202
16/11/2023 12:30:00,1.201,0.59,226
16/11/2023 13:00:00,0.899,0.58,165
16/11/2023 13:30:00,1.201,0.58,220
16/11/2023 14:00:00,1.299,0.59,225
16/11/2023 14:30:00,0.6,0.58,153
16/11/2023 15:00:00,1.4,0.59,228
16/11/2023 15:30:00,0.901,0.58,181
16/11/2023 16:00:00,0.899,0.59,197
16/11/2023 16:30:00,1.4,0.58,218
16/11/2023 17:00:00,0.7,0.58,169
16/11/2023 17:30:00,1.3000000000000000,0.59,226
16/11/2023 18:00:00,0.8,0.58,172
16/11/2023 18:30:00,1.3000000000000000,0.59,212
16/11/2023 19:00:00,1.1,0.57,208
16/11/2023 19:30:00,0.8010000000000000,0.57,172
16/11/2023 20:00:00,1.399,0.58,222
16/11/2023 20:30:00,0.7010000000000000,0.57,166
16/11/2023 21:00:00,1.1990000000000000,0.54,211
16/11/2023 21:30:00,1.3010000000000000,0.53,214
16/11/2023 22:00:00,0.6990000000000000,0.51,152
16/11/2023 22:30:00,1.201,0.51,208
16/11/2023 23:00:00,1.299,0.52,211
16/11/2023 23:30:00,0.8,0.53,158
17/11/2023 00:00:00,1.2,0.5,205
17/11/2023 00:30:00,1.3,0.53,215
17/11/2023 01:00:00,0.6000000000000000,0.53,152
17/11/2023 01:30:00,1.3,0.52,215
17/11/2023 02:00:00,1.3,0.48,201
17/11/2023 02:30:00,0.8,0.52,166
17/11/2023 03:00:00,1.1,0.55,209
17/11/2023 03:30:00,1.3,0.52,211
17/11/2023 04:00:00,1.0,0.5,173
17/11/2023 04:30:00,1.1,0.47,201
17/11/2023 05:00:00,1.3,0.49,202
17/11/2023 05:30:00,1.1,0.5,201
17/11/2023 06:00:00,0.8,0.57,173
17/11/2023 06:30:00,1.3010000000000000,0.53,213
17/11/2023 07:00:00,1.299,0.56,220
17/11/2023 07:30:00,1.3010000000000000,0.58,225
17/11/2023 08:00:00,1.399,0.58,226
17/11/2023 08:30:00,1.3,0.58,226
17/11/2023 09:00:00,1.2,0.59,227
17/11/2023 09:30:00,1.4,0.58,226
17/11/2023 10:00:00,0.8,0.59,170
17/11/2023 10:30:00,1.2,0.58,225
17/11/2023 11:00:00,1.3000000000000000,0.59,216
17/11/2023 11:30:00,0.7010000000000000,0.58,168
17/11/2023 12:00:00,1.399,0.59,227
17/11/2023 12:30:00,0.8,0.58,172
17/11/2023 13:00:00,1.2,0.59,204
17/11/2023 13:30:00,1.1,0.58,207
17/11/2023 14:00:00,0.7010000000000000,0.58,164
17/11/2023 14:30:00,1.299,0.59,225
17/11/2023 15:00:00,0.7,0.58,156
17/11/2023 15:30:00,1.2,0.59,223
17/11/2023 16:00:00,1.001,0.58,176
17/11/2023 16:30:00,1.099,0.59,209
17/11/2023 17:00:00,1.3000000000000000,0.58,224
17/11/2023 17:30:00,0.7010000000000000,0.59,154
17/11/2023 18:00:00,1.1990000000000000,0.58,226
17/11/2023 18:30:00,1.3000000000000000,0.58,218
17/11/2023 19:00:00,0.8,0.57,172
17/11/2023 19:30:00,1.401,0.58,225
17/11/2023 20:00:00,1.099,0.54,201
17/11/2023 20:30:00,0.8,0.56,169
17/11/2023 21:00:00,1.3,0.54,215
17/11/2023 21:30:00,1.3010000000000000,0.53,214
17/11/2023 22:00:00,0.799,0.49,159
17/11/2023 22:30:00,1.2,0.52,210
17/11/2023 23:00:00,0.9,0.5,166
17/11/2023 23:30:00,1.0,0.51,190
18/11/2023 00:00:00,1.3,0.53,211
18/11/2023 00:30:00,1.0,0.5,172
18/11/2023 01:00:00,1.1,0.51,197
18/11/2023 01:30:00,1.2,0.47,200
18/11/2023 02:00:00,0.9,0.49,169
18/11/2023 02:30:00,1.101,0.47,197
18/11/2023 03:00:00,1.299,0.47,200
18/11/2023 03:30:00,1.2000000000000000,0.48,199
18/11/2023 04:00:00,1.2,0.49,203
18/11/2023 04:30:00,0.9,0.5,170
18/11/2023 05:00:00,1.1,0.48,188
18/11/2023 05:30:00,1.2000000000000000,0.51,207
18/11/2023 06:00:00,1.3010000000000000,0.49,203
18/11/2023 06:30:00,0.9,0.49,175
18/11/2023 07:00:00,1.1990000000000000,0.53,212
18/11/2023 07:30:00,0.8010000000000000,0.55,157
18/11/2023 08:00:00,1.1990000000000000,0.55,218
18/11/2023 08:30:00,1.3000000000000000,0.58,205
18/11/2023 09:00:00,0.8,0.57,174
18/11/2023 09:30:00,1.2,0.58,224
18/11/2023 10:00:00,0.601,0.57,148
18/11/2023 10:30:00,1.299,0.58,214
18/11/2023 11:00:00,0.7,0.58,166
18/11/2023 11:30:00,0.9000000000000000,0.59,169
18/11/2023 12:00:00,1.0,0.58,196
18/11/2023 12:30:00,0.5,0.57,140
18/11/2023 13:00:00,0.8,0.58,160
18/11/2023 13:30:00,0.601,0.57,148
18/11/2023 14:00:00,1.0,0.59,194
18/11/2023 14:30:00,0.5,0.56,136
18/11/2023 15:00:00,0.999,0.59,190
18/11/2023 15:30:00,0.601,0.57,151
18/11/2023 16:00:00,0.999,0.58,181
18/11/2023 16:30:00,0.601,0.58,152
18/11/2023 17:00:00,1.1,0.58,194
18/11/2023 17:30:00,0.599,0.58,151
18/11/2023 18:00:00,0.901,0.58,187
18/11/2023 18:30:00,0.7990000000000000,0.55,165
18/11/2023 19:00:00,0.8,0.54,157
18/11/2023 19:30:00,1.0,0.55,195
18/11/2023 20:00:00,0.6,0.51,139
18/11/2023 20:30:00,1.1,0.54,187
18/11/2023 21:00:00,0.5,0.54,141
18/11/2023 21:30:00,1.201,0.54,199
18/11/2023 22:00:00,0.599,0.52,143
18/11/2023 22:30:00,0.9,0.51,177
18/11/2023 23:00:00,0.7,0.49,144
18/11/2023 23:30:00,0.9,0.51,179
19/11/2023 00:00:00,0.9,0.47,156
19/11/2023 00:30:00,0.7010000000000000,0.46,149
19/11/2023 01:00:00,0.799,0.47,167
19/11/2023 01:30:00,0.9,0.48,159
19/11/2023 02:00:00,0.9,0.46,163
19/11/2023 02:30:00,0.8,0.44,148
19/11/2023 03:00:00,1.0,0.49,193
19/11/2023 03:30:00,0.5,0.47,132
19/11/2023 04:00:00,1.101,0.51,186
19/11/2023 04:30:00,0.6990000000000000,0.48,143
19/11/2023 05:00:00,0.9,0.51,175
19/11/2023 05:30:00,0.9,0.55,178
19/11/2023 06:00:00,0.7,0.53,148
19/11/2023 06:30:00,1.1,0.49,197
19/11/2023 07:00:00,0.7,0.47,139
19/11/2023 07:30:00,1.1,0.52,196
19/11/2023 08:00:00,1.0,0.54,184
19/11/2023 08:30:00,0.601,0.53,155
19/11/2023 09:00:00,1.1990000000000000,0.56,198
19/11/2023 09:30:00,0.6,0.58,154
19/11/2023 10:00:00,1.1,0.57,203
19/11/2023 10:30:00,0.6,0.58,160
19/11/2023 11:00:00,1.0,0.57,181
19/11/2023 11:30:00,1.1,0.59,205
19/11/2023 12:00:00,0.601,0.58,155
19/11/2023 12:30:00,1.1990000000000000,0.56,207
19/11/2023 13:00:00,0.7,0.58,161
19/11/2023 13:30:00,1.1,0.58,190
19/11/2023 14:00:00,0.7010000000000000,0.59,170
19/11/2023 14:30:00,1.099,0.57,199
19/11/2023 15:00:00,0.5,0.58,140
19/11/2023 15:30:00,1.1,0.58,204
19/11/2023 16:00:00,0.6,0.55,136
19/11/2023 16:30:00,1.0,0.58,199
19/11/2023 17:00:00,0.901,0.57,178
19/11/2023 17:30:00,0.7990000000000000,0.58,170
19/11/2023 18:00:00,0.9,0.58,181
19/11/2023 18:30:00,1.1,0.58,198
19/11/2023 19:00:00,0.7,0.55,155
19/11/2023 19:30:00,1.0,0.55,183
19/11/2023 20:00:00,1.0,0.56,193
19/11/2023 20:30:00,0.7,0.56,163
19/11/2023 21:00:00,1.0,0.52,186
19/11/2023 21:30:00,0.901,0.55,173
19/11/2023 22:00:00,0.899,0.51,166
19/11/2023 22:30:00,0.9,0.55,182
19/11/2023 23:00:00,0.9,0.53,184
19/11/2023 23:30:00,0.9,0.52,167
20/11/2023 00:00:00,1.0,0.49,183
20/11/2023 00:30:00,1.2,0.52,200
20/11/2023 01:00:00,0.6000000000000000,0.48,145
20/11/2023 01:30:00,1.3,0.5,207
20/11/2023 02:00:00,0.6000000000000000,0.47,140
20/11/2023 02:30:00,1.2000000000000000,0.48,202
20/11/2023 03:00:00,1.1,0.42,189
20/11/2023 03:30:00,0.6000000000000000,0.49,136
20/11/2023 04:00:00,1.201,0.46,199
20/11/2023 04:30:00,1.099,0.43,186
20/11/2023 05:00:00,0.6,0.51,139
20/11/2023 05:30:00,1.3,0.49,205
20/11/2023 06:00:00,0.8,0.48,164
20/11/2023 06:30:00,1.0,0.5,183
20/11/2023 07:00:00,1.3,0.54,213
20/11/2023 07:30:00,0.7,0.57,159
20/11/2023 08:00:00,1.2,0.58,224
20/11/2023 08:30:00,1.4,0.58,225
20/11/2023 09:00:00,0.7,0.58,164
20/11/2023 09:30:00,1.3,0.59,225
20/11/2023 10:00:00,0.9000000000000000,0.58,174
20/11/2023 10:30:00,1.0,0.59,202
20/11/2023 11:00:00,1.0,0.58,179
20/11/2023 11:30:00,0.7010000000000000,0.59,170
20/11/2023 12:00:00,1.0,0.58,191
20/11/2023 12:30:00,1.1,0.58,198
20/11/2023 13:00:00,0.599,0.59,154
20/11/2023 13:30:00,1.2,0.58,215
20/11/2023 14:00:00,0.6,0.59,145
20/11/2023 14:30:00,1.1,0.58,199
20/11/2023 15:00:00,0.6,0.59,161
20/11/2023 15:30:00,1.0,0.58,196
20/11/2023 16:00:00,0.9000000000000000,0.58,172
20/11/2023 16:30:00,0.9,0.59,178
20/11/2023 17:00:00,1.1,0.58,205
20/11/2023 17:30:00,0.7,0.59,158
20/11/2023 18:00:00,1.1,0.58,215
20/11/2023 18:30:00,0.8,0.59,161
20/11/2023 19:00:00,1.2,0.58,226
20/11/2023 19:30:00,0.6,0.58,140
20/11/2023 20:00:00,1.3000000000000000,0.57,220
20/11/2023 20:30:00,0.7,0.56,152
20/11/2023 21:00:00,1.1,0.55,210
20/11/2023 21:30:00,0.7,0.53,144
20/11/2023 22:00:00,1.1,0.46,190
20/11/2023 22:30:00,0.601,0.49,146
20/11/2023 23:00:00,1.1990000000000000,0.48,196
20/11/2023 23:30:00,1.1,0.5,190
21/11/2023 00:00:00,0.7,0.51,150
21/11/2023 00:30:00,1.2,0.53,214
21/11/2023 01:00:00,0.7010000000000000,0.53,143
21/11/2023 01:30:00,1.099,0.53,203
21/11/2023 02:00:00,1.0,0.52,180
21/11/2023 02:30:00,0.9,0.49,174
21/11/2023 03:00:00,1.2,0.53,199
21/11/2023 03:30:00,0.601,0.52,150
21/11/2023 04:00:00,1.299,0.5,207
21/11/2023 04:30:00,0.601,0.46,135
21/11/2023 05:00:00,1.099,0.46,198
21/11/2023 05:30:00,1.3010000000000000,0.51,205
21/11/2023 06:00:00,0.599,0.54,148
21/11/2023 06:30:00,1.3,0.57,224
21/11/2023 07:00:00,1.3,0.56,220
21/11/2023 07:30:00,0.7,0.57,164
21/11/2023 08:00:00,1.4,0.58,226
21/11/2023 08:30:00,1.2,0.59,226
21/11/2023 09:00:00,1.4,0.58,226
21/11/2023 09:30:00,0.9,0.58,179
21/11/2023 10:00:00,1.1,0.59,201
21/11/2023 10:30:00,1.2,0.58,219
21/11/2023 11:00:00,1.301,0.59,215
21/11/2023 11:30:00,1.0,0.58,202
21/11/2023 12:00:00,1.099,0.59,200
21/11/2023 12:30:00,1.0,0.58,194
21/11/2023 13:00:00,1.1,0.58,191
21/11/2023 13:30:00,1.0,0.59,193
21/11/2023 14:00:00,1.0,0.58,203
21/11/2023 14:30:00,1.2,0.59,206
21/11/2023 15:00:00,1.1,0.58,201
21/11/2023 15:30:00,1.0,0.59,194
21/11/2023 16:00:00,1.1,0.58,194
21/11/2023 16:30:00,1.0,0.59,198
21/11/2023 17:00:00,1.2,0.58,207
21/11/2023 17:30:00,1.101,0.59,208
21/11/2023 18:00:00,1.099,0.58,208
21/11/2023 18:30:00,1.2,0.58,209
21/11/2023 19:00:00,1.1,0.58,207
21/11/2023 19:30:00,1.1,0.57,197
21/11/2023 20:00:00,1.0,0.56,193
21/11/2023 20:30:00,1.201,0.58,196
21/11/2023 21:00:00,1.0,0.54,187
21/11/2023 21:30:00,0.999,0.52,193
21/11/2023 22:00:00,1.2,0.52,199
21/11/2023 22:30:00,1.1,0.51,194
21/11/2023 23:00:00,1.101,0.51,191
21/11/2023 23:30:00,0.999,0.5,183
22/11/2023 00:00:00,1.1,0.52,189
22/11/2023 00:30:00,1.1,0.52,188
22/11/2023 01:00:00,1.0,0.49,187
22/11/2023 01:30:00,1.2,0.54,206
22/11/2023 02:00:00,1.1,0.52,201
22/11/2023 02:30:00,1.1,0.54,193
22/11/2023 03:00:00,1.1,0.53,191
22/11/2023 03:30:00,1.101,0.55,194
22/11/2023 04:00:00,1.0,0.52,189
22/11/2023 04:30:00,0.999,0.47,179
22/11/2023 05:00:00,1.1,0.52,194
22/11/2023 05:30:00,1.2,0.5,195
22/11/2023 06:00:00,1.001,0.51,191
22/11/2023 06:30:00,1.099,0.53,186
22/11/2023 07:00:00,1.0,0.56,195
22/11/2023 07:30:00,1.0,0.58,196
22/11/2023 08:00:00,1.2,0.59,199
22/11/2023 08:30:00,1.0,0.58,198
22/11/2023 09:00:00,1.1,0.59,199
22/11/2023 09:30:00,1.1,0.58,197
22/11/2023 10:00:00,1.0,0.58,193
22/11/2023 10:30:00,0.9,0.59,189
22/11/2023 11:00:00,0.6,0.58,158
22/11/2023 11:30:00,1.4,0.59,223
22/11/2023 12:00:00,0.7,0.58,160
22/11/2023 12:30:00,1.0,0.59,195
22/11/2023 13:00:00,0.7,0.58,159
22/11/2023 13:30:00,1.2,0.58,214
22/11/2023 14:00:00,0.6,0.59,151
22/11/2023 14:30:00,1.1,0.58,199
22/11/2023 15:00:00,0.5,0.59,151
22/11/2023 15:30:00,1.2,0.58,199
22/11/2023 16:00:00,0.7010000000000000,0.59,173
22/11/2023 16:30:00,0.7990000000000000,0.58,169
22/11/2023 17:00:00,1.0,0.59,189
22/11/2023 17:30:00,0.8010000000000000,0.58,170
22/11/2023 18:00:00,0.899,0.58,181
22/11/2023 18:30:00,0.8,0.59,164
22/11/2023 19:00:00,1.0,0.58,194
22/11/2023 19:30:00,0.5,0.56,134
22/11/2023 20:00:00,1.2,0.57,213
22/11/2023 20:30:00,0.5,0.53,125
22/11/2023 21:00:00,1.0,0.57,191
22/11/2023 21:30:00,0.7010000000000000,0.52,147
22/11/2023 22:00:00,0.9,0.47,165
22/11/2023 22:30:00,0.6990000000000000,0.5,146
22/11/2023 23:00:00,0.8,0.49,167
22/11/2023 23:30:00,0.8,0.48,144
23/11/2023 00:00:00,0.9,0.49,173
23/11/2023 00:30:00,0.501,0.47,127
23/11/2023 01:00:00,0.899,0.5,167
23/11/2023 01:30:00,0.8,0.47,156
23/11/2023 02:00:00,0.7010000000000000,0.49,142
23/11/2023 02:30:00,0.9,0.5,186
23/11/2023 03:00:00,0.6990000000000000,0.49,132
23/11/2023 03:30:00,1.1,0.45,192
23/11/2023 04:00:00,0.4,0.5,120
23/11/2023 04:30:00,1.101,0.5,187
23/11/2023 05:00:00,0.499,0.49,125
23/11/2023 05:30:00,0.801,0.5,170
23/11/2023 06:00:00,0.7990000000000000,0.46,149
23/11/2023 06:30:00,0.9,0.52,173
23/11/2023 07:00:00,0.8010000000000000,0.57,167
23/11/2023 07:30:00,1.0,0.58,184
23/11/2023 08:00:00,0.7990000000000000,0.59,178
23/11/2023 08:30:00,0.8010000000000000,0.58,158
23/11/2023 09:00:00,1.099,0.58,204
23/11/2023 09:30:00,0.5,0.59,139
23/11/2023 10:00:00,1.2,0.58,206
23/11/2023 10:30:00,0.5,0.59,138
23/11/2023 11:00:00,1.0,0.58,204
23/11/2023 11:30:00,0.8,0.59,162
23/11/2023 12:00:00,0.9,0.58,179
23/11/2023 12:30:00,0.9,0.59,185
23/11/2023 13:00:00,0.901,0.58,167
23/11/2023 13:30:00,0.899,0.58,193
23/11/2023 14:00:00,0.7,0.59,153
23/11/2023 14:30:00,1.1,0.58,200
23/11/2023 15:00:00,0.5,0.59,138
23/11/2023 15:30:00,1.0,0.58,200
23/11/2023 16:00:00,0.6,0.59,138
23/11/2023 16:30:00,1.1,0.58,207
23/11/2023 17:00:00,0.6,0.59,146
23/11/2023 17:30:00,1.301,0.58,222
23/11/2023 18:00:00,1.099,0.58,195
23/11/2023 18:30:00,0.8,0.58,163
23/11/2023 19:00:00,1.3,0.58,223
23/11/2023 19:30:00,0.6,0.56,146
23/11/2023 20:00:00,1.1,0.58,209
23/11/2023 20:30:00,0.8,0.55,163
23/11/2023 21:00:00,1.0,0.58,202
23/11/2023 21:30:00,1.1,0.54,192
23/11/2023 22:00:00,0.8010000000000000,0.51,153
23/11/2023 22:30:00,1.1990000000000000,0.51,207
23/11/2023 23:00:00,0.7010000000000000,0.49,148
23/11/2023 23:30:00,1.099,0.52,197
24/11/2023 00:00:00,1.2000000000000000,0.5,203
24/11/2023 00:30:00,0.6000000000000000,0.48,141
24/11/2023 01:00:00,1.3,0.49,203
24/11/2023 01:30:00,1.1,0.49,194
24/11/2023 02:00:00,0.7,0.49,149
24/11/2023 02:30:00,1.2000000000000000,0.52,208
24/11/2023 03:00:00,0.8,0.51,152
24/11/2023 03:30:00,1.101,0.52,201
24/11/2023 04:00:00,1.299,0.52,212
24/11/2023 04:30:00,0.8,0.51,159
24/11/2023 05:00:00,1.1,0.49,187
24/11/2023 05:30:00,1.101,0.48,202
24/11/2023 06:00:00,1.299,0.53,213
24/11/2023 06:30:00,0.601,0.51,143
24/11/2023 07:00:00,1.1990000000000000,0.55,219
24/11/2023 07:30:00,1.401,0.58,226
24/11/2023 08:00:00,1.299,0.58,227
24/11/2023 08:30:00,1.3,0.59,228
24/11/2023 09:00:00,1.4,0.58,226
24/11/2023 09:30:00,1.2,0.58,228
24/11/2023 10:00:00,1.3,0.59,226
24/11/2023 10:30:00,1.0,0.58,187
24/11/2023 11:00:00,1.1,0.59,202
24/11/2023 11:30:00,1.3,0.58,226
24/11/2023 12:00:00,1.401,0.58,224
24/11/2023 12:30:00,1.1990000000000000,0.59,225
24/11/2023 13:00:00,0.8010000000000000,0.58,171
24/11/2023 13:30:00,1.299,0.59,217
24/11/2023 14:00:00,1.3010000000000000,0.58,226
24/11/2023 14:30:00,1.399,0.59,226
24/11/2023 15:00:00,1.201,0.58,227
24/11/2023 15:30:00,1.299,0.59,227
24/11/2023 16:00:00,1.3,0.58,227
24/11/2023 16:30:00,0.8,0.58,164
24/11/2023 17:00:00,1.3,0.59,229
24/11/2023 17:30:00,1.4,0.58,227
24/11/2023 18:00:00,1.3,0.59,227
24/11/2023 18:30:00,1.2,0.58,227
24/11/2023 19:00:00,1.3,0.57,223
24/11/2023 19:30:00,1.3010000000000000,0.56,221
24/11/2023 20:00:00,1.399,0.57,225
24/11/2023 20:30:00,1.3,0.56,220
24/11/2023 21:00:00,0.801,0.51,171
24/11/2023 21:30:00,1.1990000000000000,0.5,202
24/11/2023 22:00:00,1.3010000000000000,0.51,208
24/11/2023 22:30:00,1.199,0.51,206
24/11/2023 23:00:00,1.201,0.51,210
24/11/2023 23:30:00,1.299,0.49,202
25/11/2023 00:00:00,1.201,0.51,209
25/11/2023 00:30:00,1.299,0.52,209
25/11/2023 01:00:00,1.101,0.5,204
25/11/2023 01:30:00,1.299,0.5,207
25/11/2023 02:00:00,1.3,0.5,205
25/11/2023 02:30:00,1.2,0.49,205
25/11/2023 03:00:00,1.2000000000000000,0.5,204
25/11/2023 03:30:00,1.2,0.5,206
25/11/2023 04:00:00,1.3,0.53,211
25/11/2023 04:30:00,1.4,0.56,220
25/11/2023 05:00:00,1.2,0.56,217
25/11/2023 05:30:00,1.2000000000000000,0.47,201
25/11/2023 06:00:00,1.2,0.45,196
25/11/2023 06:30:00,1.3,0.5,204
25/11/2023 07:00:00,1.3,0.56,219
25/11/2023 07:30:00,1.2,0.51,208
25/11/2023 08:00:00,1.5,0.57,232
25/11/2023 08:30:00,1.3,0.57,234
25/11/2023 09:00:00,1.501,0.57,231
25/11/2023 09:30:00,1.299,0.57,233
25/11/2023 10:00:00,1.4,0.58,228
25/11/2023 10:30:00,1.3,0.58,226
25/11/2023 11:00:00,1.4,0.57,224
25/11/2023 11:30:00,1.3010000000000000,0.57,226
25/11/2023 12:00:00,1.299,0.58,228
25/11/2023 12:30:00,1.301,0.59,225
25/11/2023 13:00:00,1.099,0.57,201
25/11/2023 13:30:00,1.0,0.55,186
25/11/2023 14:00:00,1.3,0.57,224
25/11/2023 14:30:00,1.3,0.56,219
25/11/2023 15:00:00,1.2,0.54,217
25/11/2023 15:30:00,1.3,0.54,218
25/11/2023 16:00:00,1.3010000000000000,0.57,219
25/11/2023 16:30:00,0.7990000000000000,0.57,173
25/11/2023 17:00:00,1.301,0.58,223
25/11/2023 17:30:00,1.299,0.58,225
25/11/2023 18:00:00,1.3,0.55,216
25/11/2023 18:30:00,1.2,0.56,217
25/11/2023 19:00:00,1.4,0.56,220
25/11/2023 19:30:00,1.2,0.52,210
25/11/2023 20:00:00,1.3,0.55,216
25/11/2023 20:30:00,1.3,0.53,214
25/11/2023 21:00:00,1.1,0.52,208
25/11/2023 21:30:00,1.3,0.56,220
25/11/2023 22:00:00,1.3000000000000000,0.55,217
25/11/2023 22:30:00,1.2000000000000000,0.51,208
25/11/2023 23:00:00,1.2,0.53,214
25/11/2023 23:30:00,1.3,0.5,205
26/11/2023 00:00:00,1.3,0.49,203
26/11/2023 00:30:00,1.2,0.53,212
26/11/2023 01:00:00,1.3,0.51,207
26/11/2023 01:30:00,1.1,0.5,208
26/11/2023 02:00:00,1.4,0.54,214
26/11/2023 02:30:00,1.3010000000000000,0.52,210
26/11/2023 03:00:00,1.1990000000000000,0.5,206
26/11/2023 03:30:00,1.3,0.46,210
26/11/2023 04:00:00,1.401,0.47,211
26/11/2023 04:30:00,1.199,0.49,218
26/11/2023 05:00:00,1.4,0.48,213
26/11/2023 05:30:00,1.3010000000000000,0.5,209
26/11/2023 06:00:00,1.299,0.53,215
26/11/2023 06:30:00,1.3,0.54,219
26/11/2023 07:00:00,1.3,0.48,207
26/11/2023 07:30:00,1.3,0.55,219
26/11/2023 08:00:00,1.401,0.56,223
26/11/2023 08:30:00,1.399,0.58,227
26/11/2023 09:00:00,1.3,0.58,229
26/11/2023 09:30:00,1.4,0.58,227
26/11/2023 10:00:00,1.3,0.58,234
26/11/2023 10:30:00,1.401,0.58,235
26/11/2023 11:00:00,1.499,0.58,233
26/11/2023 11:30:00,1.3,0.58,229
26/11/2023 12:00:00,1.401,0.58,226
26/11/2023 12:30:00,1.1990000000000000,0.58,226
26/11/2023 13:00:00,1.3010000000000000,0.58,226
26/11/2023 13:30:00,1.399,0.58,227
26/11/2023 14:00:00,1.3,0.58,228
26/11/2023 14:30:00,0.901,0.57,178
26/11/2023 15:00:00,1.299,0.57,221
26/11/2023 15:30:00,1.3010000000000000,0.57,220
26/11/2023 16:00:00,1.1990000000000000,0.58,225
26/11/2023 16:30:00,1.401,0.58,223
26/11/2023 17:00:00,1.1990000000000000,0.58,221
26/11/2023 17:30:00,1.3010000000000000,0.55,217
26/11/2023 18:00:00,1.299,0.58,220
26/11/2023 18:30:00,1.301,0.57,222
26/11/2023 19:00:00,1.299,0.57,221
26/11/2023 19:30:00,1.201,0.56,218
26/11/2023 20:00:00,1.299,0.55,217
26/11/2023 20:30:00,1.201,0.53,210
26/11/2023 21:00:00,1.299,0.55,217
26/11/2023 21:30:00,1.201,0.55,218
26/11/2023 22:00:00,1.299,0.54,211
26/11/2023 22:30:00,1.101,0.53,215
26/11/2023 23:00:00,1.299,0.53,211
26/11/2023 23:30:00,1.101,0.46,194
27/11/2023 00:00:00,1.299,0.49,203
27/11/2023 00:30:00,1.2000000000000000,0.48,201
27/11/2023 01:00:00,1.1,0.48,201
27/11/2023 01:30:00,1.201,0.51,208
27/11/2023 02:00:00,1.199,0.49,203
27/11/2023 02:30:00,1.3,0.48,200
27/11/2023 03:00:00,1.1,0.48,202
27/11/2023 03:30:00,1.3,0.52,209
27/11/2023 04:00:00,1.1,0.51,208
27/11/2023 04:30:00,1.3,0.53,212
27/11/2023 05:00:00,1.2,0.49,203
27/11/2023 05:30:00,1.2000000000000000,0.5,204
27/11/2023 06:00:00,1.2,0.54,215
27/11/2023 06:30:00,1.3,0.53,213
27/11/2023 07:00:00,1.2,0.56,218
27/11/2023 07:30:00,1.4,0.58,223
27/11/2023 08:00:00,1.3,0.52,212
27/11/2023 08:30:00,1.299,0.24,247
27/11/2023 09:00:00,1.7000000000000000,0.59,252
27/11/2023 09:30:00,1.3010000000000000,0.53,220
27/11/2023 10:00:00,1.4,0.08,166
27/11/2023 10:30:00,1.399,0.0,170
27/11/2023 11:00:00,1.301,0.0,137
27/11/2023 11:30:00,1.4,0.0,175
27/11/2023 12:00:00,1.599,0.0,169
27/11/2023 12:30:00,1.4,0.0,159
27/11/2023 13:00:00,0.9,0.0,99
27/11/2023 13:30:00,1.6,0.0,184
27/11/2023 14:00:00,1.101,0.0,119
27/11/2023 14:30:00,1.599,0.0,183
27/11/2023 15:00:00,0.9,0.0,108
27/11/2023 15:30:00,1.401,0.0,170
27/11/2023 16:00:00,1.199,0.0,122
27/11/2023 16:30:00,1.301,0.0,150
27/11/2023 17:00:00,1.299,0.0,139
27/11/2023 17:30:00,1.0,0.0,123
27/11/2023 18:00:00,1.6,0.0,182
27/11/2023 18:30:00,1.1,0.0,126
27/11/2023 19:00:00,1.5,0.0,165
27/11/2023 19:30:00,0.9,0.0,106
27/11/2023 20:00:00,1.7000000000000000,0.0,183
27/11/2023 20:30:00,0.9,0.0,107
27/11/2023 21:00:00,1.301,0.0,154
27/11/2023 21:30:00,1.299,0.0,139
27/11/2023 22:00:00,1.0010000000000000,0.0,126
27/11/2023 22:30:00,1.4,0.0,154
27/11/2023 23:00:00,0.899,0.0,107
27/11/2023 23:30:00,1.501,0.0,161
28/11/2023 00:00:00,1.099,0.0,134
28/11/2023 00:30:00,1.0,0.0,108
28/11/2023 01:00:00,1.601,0.0,183
28/11/2023 01:30:00,0.9,0.0,102
28/11/2023 02:00:00,1.099,0.0,131
28/11/2023 02:30:00,1.401,0.0,152
28/11/2023 03:00:00,0.9,0.0,105
28/11/2023 03:30:00,1.599,0.0,190
28/11/2023 04:00:00,1.0,0.0,103
28/11/2023 04:30:00,1.3,0.0,153
28/11/2023 05:00:00,1.2,0.0,131
28/11/2023 05:30:00,1.2,0.0,137
28/11/2023 06:00:00,1.4,0.0,159
28/11/2023 06:30:00,1.102,0.0,138
28/11/2023 07:00:00,1.5,0.0,161
28/11/2023 07:30:00,1.399,0.0,155
28/11/2023 08:00:00,1.199,0.0,147
28/11/2023 08:30:00,1.5,0.0,168
28/11/2023 09:00:00,1.5,0.0,166
28/11/2023 09:30:00,1.201,0.0,145
28/11/2023 10:00:00,1.5,0.0,157
28/11/2023 10:30:00,1.199,0.0,147
28/11/2023 11:00:00,1.3,0.0,150
28/11/2023 11:30:00,1.2,0.0,138
28/11/2023 12:00:00,1.4,0.0,157
28/11/2023 12:30:00,1.0,0.0,108
28/11/2023 13:00:00,1.6,0.0,187
28/11/2023 13:30:00,1.0,0.0,109
28/11/2023 14:00:00,1.5,0.0,177
28/11/2023 14:30:00,1.0,0.0,109
28/11/2023 15:00:00,1.1,0.0,121
28/11/2023 15:30:00,1.601,0.0,182
28/11/2023 16:00:00,1.0,0.0,107
28/11/2023 16:30:00,1.599,0.0,185
28/11/2023 17:00:00,1.0,0.0,110
28/11/2023 17:30:00,1.5,0.0,189
28/11/2023 18:00:00,1.1,0.0,111
28/11/2023 18:30:00,1.5,0.0,182
28/11/2023 19:00:00,1.1,0.0,120
28/11/2023 19:30:00,1.5,0.0,171
28/11/2023 20:00:00,1.1,0.0,124
28/11/2023 20:30:00,1.2,0.0,140
28/11/2023 21:00:00,1.5,0.0,159
28/11/2023 21:30:00,1.0,0.0,111
28/11/2023 22:00:00,1.6,0.0,194
28/11/2023 22:30:00,1.0,0.0,108
28/11/2023 23:00:00,1.6,0.0,186
28/11/2023 23:30:00,1.1,0.0,108
29/11/2023 00:00:00,1.3,0.0,169
29/11/2023 00:30:00,1.301,0.0,139
29/11/2023 01:00:00,1.299,0.0,157
29/11/2023 01:30:00,1.3,0.0,141
29/11/2023 02:00:00,1.401,0.0,161
29/11/2023 02:30:00,1.299,0.0,142
29/11/2023 03:00:00,1.3,0.0,160
29/11/2023 03:30:00,1.401,0.0,143
29/11/2023 04:00:00,1.299,0.0,155
29/11/2023 04:30:00,1.4,0.0,155
29/11/2023 05:00:00,1.301,0.0,150
29/11/2023 05:30:00,1.399,0.0,154
29/11/2023 06:00:00,1.3,0.0,160
29/11/2023 06:30:00,1.5,0.0,161
29/11/2023 07:00:00,1.5,0.0,171
29/11/2023 07:30:00,1.7,0.0,205
29/11/2023 08:00:00,1.2,0.0,126
29/11/2023 08:30:00,1.7,0.0,209
29/11/2023 09:00:00,1.701,0.0,173
29/11/2023 09:30:00,1.399,0.0,167
29/11/2023 10:00:00,1.7,0.0,188
29/11/2023 10:30:00,1.1,0.0,136
29/11/2023 11:00:00,1.8,0.0,199
29/11/2023 11:30:00,1.1,0.0,131
29/11/2023 12:00:00,1.8010000000000000,0.0,199
29/11/2023 12:30:00,1.099,0.0,125
29/11/2023 13:00:00,1.6,0.0,179
29/11/2023 13:30:00,1.301,0.0,152
29/11/2023 14:00:00,1.799,0.0,207
29/11/2023 14:30:00,1.102,0.0,119
29/11/2023 15:00:00,1.6990000000000000,0.0,203
29/11/2023 15:30:00,1.1,0.0,122
29/11/2023 16:00:00,1.8,0.0,205
29/11/2023 16:30:00,1.1,0.0,122
29/11/2023 17:00:00,1.8010000000000000,0.0,207
29/11/2023 17:30:00,0.998,0.0,118
29/11/2023 18:00:00,1.8,0.0,207
29/11/2023 18:30:00,1.2,0.0,128
29/11/2023 19:00:00,1.7,0.0,196
29/11/2023 19:30:00,1.2,0.0,131
29/11/2023 20:00:00,1.7000000000000000,0.0,190
29/11/2023 20:30:00,1.0,0.0,119
29/11/2023 21:00:00,1.701,0.0,200
29/11/2023 21:30:00,1.0,0.0,112
29/11/2023 22:00:00,1.799,0.0,205
29/11/2023 22:30:00,1.0,0.0,115
29/11/2023 23:00:00,1.701,0.0,189
29/11/2023 23:30:00,0.999,0.0,125
30/11/2023 00:00:00,1.7,0.0,180
30/11/2023 00:30:00,1.1,0.0,135
30/11/2023 01:00:00,1.601,0.0,166
30/11/2023 01:30:00,1.199,0.0,151
30/11/2023 02:00:00,1.5,0.0,162
30/11/2023 02:30:00,1.3,0.0,157
30/11/2023 03:00:00,1.401,0.0,147
30/11/2023 03:30:00,1.5,0.0,172
30/11/2023 04:00:00,1.199,0.0,134
30/11/2023 04:30:00,1.6,0.0,184
30/11/2023 05:00:00,1.0010000000000000,0.0,120
30/11/2023 05:30:00,1.7,0.0,201
30/11/2023 06:00:00,1.1,0.0,128
30/11/2023 06:30:00,1.999,0.0,209
30/11/2023 07:00:00,1.701,0.0,201
30/11/2023 07:30:00,1.099,0.0,130
30/11/2023 08:00:00,1.901,0.0,210
30/11/2023 08:30:00,1.8,0.0,207
30/11/2023 09:00:00,1.499,0.0,161
30/11/2023 09:30:00,1.5,0.0,170
30/11/2023 10:00:00,1.802,0.0,213
30/11/2023 10:30:00,1.598,0.0,191
30/11/2023 11:00:00,1.101,0.0,120
30/11/2023 11:30:00,1.799,0.0,206
30/11/2023 12:00:00,1.5,0.0,165
30/11/2023 12:30:00,1.602,0.0,190
30/11/2023 13:00:00,1.5980000000000000,0.04,201
30/11/2023 13:30:00,1.5,0.0,164
30/11/2023 14:00:00,1.3,0.0,154
30/11/2023 14:30:00,1.8,0.0,201
30/11/2023 15:00:00,1.1,0.0,119
30/11/2023 15:30:00,1.601,0.0,192
30/11/2023 16:00:00,1.5,0.0,152
30/11/2023 16:30:00,1.399,0.0,166
30/11/2023 17:00:00,1.4,0.0,166
30/11/2023 17:30:00,1.3,0.0,149
30/11/2023 18:00:00,1.8,0.0,200
30/11/2023 18:30:00,1.101,0.0,122
30/11/2023 19:00:00,1.601,0.0,191
30/11/2023 19:30:00,1.599,0.0,162
30/11/2023 20:00:00,1.199,0.0,152
30/11/2023 20:30:00,1.8,0.0,187
30/11/2023 21:00:00,1.0,0.0,129
30/11/2023 21:30:00,1.8,0.0,200
30/11/2023 22:00:00,0.901,0.0,113
30/11/2023 22:30:00,1.8,0.0,201
30/11/2023 23:00:00,1.5990000000000000,0.0,175
30/11/2023 23:30:00,0.901,0.0,110